Month,Covid
2008-01,0
2008-02,0
2008-03,0
2008-04,0
2008-05,0
2008-06,0
2008-07,0
2008-08,0
2008-09,0
2008-10,0
2008-11,0
2008-12,0
2009-01,0
2009-02,0
2009-03,0
2009-04,0
2009-05,0
2009-06,0
2009-07,0
2009-08,0
2009-09,0
2009-10,0
2009-11,0
2009-12,0
2010-01,0
2010-02,0
2010-03,0
2010-04,0
2010-05,0
2010-06,0
2010-07,0
2010-08,0
2010-09,0
2010-10,0
2010-11,0
2010-12,0
2011-01,0
2011-02,0
2011-03,0
2011-04,0
2011-05,0
2011-06,0
2011-07,0
2011-08,0
2011-09,0
2011-10,0
2011-11,0
2011-12,0
2012-01,0
2012-02,0
2012-03,0
2012-04,0
2012-05,0
2012-06,0
2012-07,0
2012-08,0
2012-09,0
2012-10,0
2012-11,0
2012-12,0
2013-01,0
2013-02,0
2013-03,0
2013-04,0
2013-05,0
2013-06,0
2013-07,0
2013-08,0
2013-09,0
2013-10,0
2013-11,0
2013-12,0
2014-01,0
2014-02,0
2014-03,0
2014-04,0
2014-05,0
2014-06,0
2014-07,0
2014-08,0
2014-09,0
2014-10,0
2014-11,0
2014-12,0
2015-01,0
2015-02,0
2015-03,0
2015-04,0
2015-05,0
2015-06,0
2015-07,0
2015-08,0
2015-09,0
2015-10,0
2015-11,0
2015-12,0
2016-01,0
2016-02,0
2016-03,0
2016-04,0
2016-05,0
2016-06,0
2016-07,0
2016-08,0
2016-09,0
2016-10,0
2016-11,0
2016-12,0
2017-01,0
2017-02,0
2017-03,0
2017-04,0
2017-05,0
2017-06,0
2017-07,0
2017-08,0
2017-09,0
2017-10,0
2017-11,0
2017-12,0
2018-01,0
2018-02,0
2018-03,0
2018-04,0
2018-05,0
2018-06,0
2018-07,0
2018-08,0
2018-09,0
2018-10,0
2018-11,0
2018-12,0
2019-01,0
2019-02,0
2019-03,0
2019-04,0
2019-05,0
2019-06,0
2019-07,0
2019-08,0
2019-09,0
2019-10,0
2019-11,0
2019-12,0
2020-01,2
2020-02,14
2020-03,158
2020-04,96
2020-05,58
2020-06,27
2020-07,63
2020-08,622
2020-09,29
2020-10,91
2020-11,181
2020-12,99
2021-01,379
2021-02,629
2021-03,143
2021-04,255
2021-05,4322
2021-06,8572
2021-07,85433
2021-08,334092
2021-09,321424
2021-10,164433
2021-11,289218
2021-12,441333
2022-01,611380
2022-02,1057952
2022-03,5690468
2022-04,1552029
2022-05,153749
2022-06,26197
2022-07,31231
2022-08,626918
2022-09,69743
2022-10,30829
2022-11,12005
2022-12,10028
2023-01,2193
2023-02,496
2023-03,312
2023-04,32659
2023-05,49675
2023-06,10510
2023-07,1751
2023-08,885
2023-09,888
2023-10,429
2023-11,0
2023-12,0